CHROM,POS,ID,REF,ALT,QUAL,FILTER,FORMAT,WES,WGS,Allele,Consequence,IMPACT,SYMBOL,Gene,Feature_type,Feature,BIOTYPE,EXON,INTRON,HGVSc,HGVSp,cDNA_position,CDS_position,Protein_position,Amino_acids,Codons,Existing_variation,DISTANCE,STRAND,FLAGS,SYMBOL_SOURCE,HGNC_ID,CANONICAL,SIFT
1,100517976,rs852352755,A,C,2239.12,PASS,GT:AD:DP:GQ:PL,"1/1:0,51:51:99:1868,153,0","1/1:0,11:11:33:387,33,0",C,missense_variant,MODERATE,ZNF550,ENSCAFG00000002421,Transcript,ENSCAFT00000003802,protein_coding,4/4,,,,605,605,202,Y/S,tAc/tCc,,,1,,VGNC,,YES,deleterious(0)
1,101920590,rs852074764,G,T,3069.13,PASS,GT:AD:DP:GQ:PL,"1/1:0,70:70:99:2327,208,0","1/1:0,23:23:68:758,68,0",T,missense_variant,MODERATE,NLRP13,ENSCAFG00000002520,Transcript,ENSCAFT00000003975,protein_coding,10/11,,,,3047,3008,1003,S/I,aGt/aTt,,,1,,VGNC,,YES,deleterious(0)
1,106551838,rs852800643,A,T,2485.13,PASS,GT:AD:DP:GQ:PL,"1/1:0,46:46:99:1661,138,0","1/1:0,24:24:72:840,72,0",T,missense_variant,MODERATE,ZNF473,ENSCAFG00000032305,Transcript,ENSCAFT00000046258,protein_coding,5/5,,,,2501,1960,654,C/S,Tgt/Agt,,,-1,,VGNC,,,deleterious(0)
1,109807428,rs852709143,A,C,1645.13,PASS,GT:AD:DP:GQ:PL,"1/1:0,34:34:99:1176,102,0","1/1:0,16:16:48:485,48,0",C,missense_variant,MODERATE,RSPH6A,ENSCAFG00000004383,Transcript,ENSCAFT00000007048,protein_coding,3/6,,,,1732,1314,438,Q/H,caA/caC,,,1,,VGNC,,YES,deleterious(0)
1,115041684,rs851183946,C,T,1552.12,PASS,GT:AD:DP:GQ:PL,"1/1:0,38:38:99:1187,112,0","1/1:0,11:11:33:381,33,0",T,missense_variant,MODERATE,,ENSCAFG00000005986,Transcript,ENSCAFT00000009659,protein_coding,1/4,,,,647,647,216,A/V,gCc/gTc,,,1,,,,YES,deleterious(0)
2,41509485,rs22808804,C,T,876.12,PASS,GT:AD:DP:GQ:PL,"1/1:0,16:16:47:476,47,0","1/1:0,12:12:36:416,36,0",T,missense_variant,MODERATE,,ENSCAFG00000045102,Transcript,ENSCAFT00000073786,protein_coding,3/3,,,,262,262,88,R/W,Cgg/Tgg,,,1,,,,YES,deleterious(0)
2,69326183,rs851646744,C,T,1116.12,PASS,GT:AD:DP:GQ:PL,"1/1:0,20:20:60:708,60,0","1/1:0,12:12:36:424,36,0",T,missense_variant,MODERATE,SPOCD1,ENSCAFG00000010825,Transcript,ENSCAFT00000017200,protein_coding,15/15,,,,2172,2134,712,R/W,Cgg/Tgg,,,1,,VGNC,,,deleterious(0)
2,74554963,rs22793910,C,T,1291.12,PASS,GT:AD:DP:GQ:PL,"1/1:0,28:28:83:945,83,0","1/1:0,11:11:33:362,33,0",T,missense_variant,MODERATE,,ENSCAFG00000030331,Transcript,ENSCAFT00000020474,protein_coding,6/6,,,,554,554,185,R/H,cGt/cAt,,,-1,,,,YES,deleterious(0)
3,15041975,rs8984913,T,G,1254.12,PASS,GT:AD:DP:GQ:PL,"1/1:0,26:26:78:935,78,0","1/1:0,11:11:33:335,33,0",G,missense_variant,MODERATE,KIAA0825,ENSCAFG00000008051,Transcript,ENSCAFT00000012845,protein_coding,14/20,,,,2812,2663,888,I/S,aTt/aGt,,,1,,VGNC,,YES,deleterious(0)
3,40436301,rs851854998,T,G,2568.13,PASS,GT:AD:DP:GQ:PL,"1/1:0,52:52:99:1907,156,0","1/1:0,19:19:57:677,57,0",G,missense_variant,MODERATE,LINS1,ENSCAFG00000010684,Transcript,ENSCAFT00000016987,protein_coding,5/5,,,,1624,1546,516,W/G,Tgg/Ggg,,,1,,VGNC,,,deleterious(0)
4,69637457,rs851994969,C,A,1948.12,PASS,GT:AD:DP:GQ:PL,"1/1:0,45:45:99:1534,134,0","1/1:0,12:12:36:430,36,0",A,missense_variant,MODERATE,DAB2,ENSCAFG00000018622,Transcript,ENSCAFT00000029566,protein_coding,8/13,,,,1179,1080,360,N/K,aaC/aaA,,,1,,VGNC,,,deleterious(0)
7,44806821,.,G,C,1396.13,PASS,GT:AD:DP:GQ:PL,"1/1:0,28:28:84:980,84,0","1/1:0,14:14:42:432,42,0",C,missense_variant,MODERATE,LOXHD1,ENSCAFG00000017629,Transcript,ENSCAFT00000027958,protein_coding,37/41,,,,5555,5555,1852,G/A,gGg/gCg,,,1,,VGNC,,,deleterious(0)
8,2420968,rs24498367,G,A,1939.13,PASS,GT:AD:DP:GQ:PL,"1/1:0,45:45:99:1446,133,0","1/1:0,15:15:45:509,45,0",A,missense_variant,MODERATE,,ENSCAFG00000011085,Transcript,ENSCAFT00000017637,protein_coding,4/4,,,,625,625,209,L/F,Ctt/Ttt,,,-1,,,,YES,deleterious(0)
8,44240800,rs852493618,A,T,2564.13,PASS,GT:AD:DP:GQ:PL,"1/1:0,58:58:99:2076,174,0","1/1:0,14:14:42:504,42,0",T,missense_variant,MODERATE,ADAM21,ENSCAFG00000016663,Transcript,ENSCAFT00000026389,protein_coding,1/1,,,,224,224,75,M/K,aTg/aAg,,,-1,,VGNC,,YES,deleterious(0)
11,74138392,rs22148544,G,A,1422.13,PASS,GT:AD:DP:GQ:PL,"1/1:0,24:24:72:851,72,0","1/1:0,17:17:51:587,51,0",A,missense_variant,MODERATE,CNTRL,ENSCAFG00000003608,Transcript,ENSCAFT00000005822,protein_coding,24/40,,,,4105,4073,1358,G/E,gGa/gAa,,,1,,VGNC,,,deleterious(0)
12,2605447,rs852480678,C,T,1284.13,PASS,GT:AD:DP:GQ:PL,"1/1:0,26:26:75:768,75,0","1/1:0,16:16:48:532,48,0",T,missense_variant,MODERATE,,ENSCAFG00000000900,Transcript,ENSCAFT00000001396,protein_coding,2/6,,,,191,191,64,T/M,aCg/aTg,,,1,,,,YES,deleterious(0)
13,11678393,rs22273918,T,A,2896.13,PASS,GT:AD:DP:GQ:PL,"1/1:3,86:89:99:2383,199,0","1/1:0,15:15:45:529,45,0",A,missense_variant,MODERATE,,ENSCAFG00000000749,Transcript,ENSCAFT00000001155,protein_coding,3/5,,,,508,508,170,S/C,Agc/Tgc,,,-1,,,,YES,deleterious(0)
13,58286052,rs852659877,C,T,1482.13,PASS,GT:AD:DP:GQ:PL,"1/1:1,32:33:60:1011,60,0","1/1:0,14:14:42:487,42,0",T,missense_variant,MODERATE,,ENSCAFG00000025497,Transcript,ENSCAFT00000004450,protein_coding,2/5,,,,146,65,22,C/Y,tGt/tAt,,,-1,,,,YES,deleterious(0)
14,1387620,rs22376408,C,T,3124.12,PASS,GT:AD:DP:GQ:PL,"1/1:0,76:76:99:2759,229,0","1/1:0,12:12:35:381,35,0",T,missense_variant,MODERATE,OR2L17,ENSCAFG00000001195,Transcript,ENSCAFT00000001847,protein_coding,1/1,,,,691,691,231,G/R,Ggg/Agg,,,-1,,VGNC,,YES,deleterious(0)
14,12135294,rs22360015,C,T,1582.12,PASS,GT:AD:DP:GQ:PL,"1/1:2,38:40:52:1249,52,0","1/1:0,10:10:30:349,30,0",T,missense_variant,MODERATE,,ENSCAFG00000001783,Transcript,ENSCAFT00000002800,protein_coding,1/2,,,,1010,1010,337,R/H,cGt/cAt,,,-1,,,,YES,deleterious(0)
15,33618653,rs852424375,A,G,7115.12,PASS,GT:AD:DP:GQ:PL,"1/1:0,186:186:99:6699,557,0","1/1:0,13:13:39:432,39,0",G,missense_variant,MODERATE,,ENSCAFG00000006166,Transcript,ENSCAFT00000009975,protein_coding,1/1,,,,386,386,129,V/A,gTc/gCc,,,-1,,,,YES,deleterious(0)
16,28423253,rs22441077,T,C,1680.13,PASS,GT:AD:DP:GQ:PL,"1/1:0,33:33:99:1045,99,0","1/1:0,23:23:69:651,69,0",C,missense_variant,MODERATE,KCNU1,ENSCAFG00000028535,Transcript,ENSCAFT00000042893,protein_coding,17/27,,,,1742,1738,580,I/V,Ata/Gta,,,-1,,VGNC,,YES,deleterious(0)
17,37201076,rs22533377,A,C,943.12,PASS,GT:AD:DP:GQ:PL,"1/1:0,12:12:36:431,36,0","1/1:0,15:15:45:528,45,0",C,missense_variant,MODERATE,IL1F10,ENSCAFG00000031233,Transcript,ENSCAFT00000047437,protein_coding,3/5,,,,1042,141,47,L/F,ttA/ttC,,,1,,VGNC,,YES,deleterious(0)
17,51703220,rs22597240,C,T,1134.12,PASS,GT:AD:DP:GQ:PL,"1/1:0,24:24:72:820,72,0","1/1:0,10:10:30:330,30,0",T,missense_variant,MODERATE,AP4B1,ENSCAFG00000009267,Transcript,ENSCAFT00000014726,protein_coding,9/11,,,,2108,2108,703,R/Q,cGa/cAa,,,-1,,VGNC,,YES,deleterious(0)
18,37120596,rs22669724,C,A,1514.13,PASS,GT:AD:DP:GQ:PL,"1/1:0,30:30:90:969,90,0","1/1:0,17:17:51:561,51,0",A,missense_variant,MODERATE,PATL1,ENSCAFG00000007581,Transcript,ENSCAFT00000012141,protein_coding,8/19,,,,893,893,298,P/H,cCc/cAc,,,1,,VGNC,,YES,deleterious(0)
18,55162868,rs22646458,T,C,1766.13,PASS,GT:AD:DP:GQ:PL,"1/1:0,41:41:99:1356,122,0","1/1:0,14:14:42:426,42,0",C,missense_variant,MODERATE,PGA,ENSCAFG00000016308,Transcript,ENSCAFT00000025886,protein_coding,1/8,,,,217,217,73,K/E,Aag/Gag,,,-1,,EntrezGene,,YES,deleterious(0)
20,51635134,rs851225898,G,A,856.12,PASS,GT:AD:DP:GQ:PL,"1/1:0,14:14:42:489,42,0","1/1:0,11:11:33:383,33,0",A,missense_variant,MODERATE,,ENSCAFG00000043410,Transcript,ENSCAFT00000078622,protein_coding,1/1,,,,20,20,7,T/I,aCa/aTa,,,-1,,,,YES,deleterious(0)
20,51876859,rs8597047,T,C,1930.13,PASS,GT:AD:DP:GQ:PL,"1/1:0,39:39:99:1423,117,0","1/1:0,15:15:45:523,45,0",C,missense_variant,MODERATE,MBD3L1,ENSCAFG00000018139,Transcript,ENSCAFT00000028815,protein_coding,1/1,,,,550,550,184,R/G,Agg/Ggg,,,-1,,VGNC,,YES,deleterious(0)
21,21421843,rs850832165,C,G,1273.13,PASS,GT:AD:DP:GQ:PL,"1/1:0,19:19:57:698,57,0","1/1:0,17:17:51:591,51,0",G,missense_variant,MODERATE,GDPD4,ENSCAFG00000004986,Transcript,ENSCAFT00000008012,protein_coding,1/15,,,,199,185,62,S/C,tCt/tGt,,,1,,VGNC,,,deleterious(0)
21,28912983,rs852745391,C,T,866.12,PASS,GT:AD:DP:GQ:PL,"1/1:0,13:13:39:450,39,0","1/1:0,12:12:36:432,36,0",T,missense_variant,MODERATE,OR56B2C,ENSCAFG00000044614,Transcript,ENSCAFT00000081860,protein_coding,1/1,,,,101,101,34,S/F,tCc/tTc,,,1,,VGNC,,YES,deleterious(0)
23,9931642,rs852082725,C,T,2195.12,PASS,GT:AD:DP:GQ:PL,"1/1:1,52:53:99:1781,122,0","1/1:0,13:13:39:430,39,0",T,missense_variant,MODERATE,ZNF619,ENSCAFG00000032425,Transcript,ENSCAFT00000046647,protein_coding,4/4,,,,1222,1160,387,T/M,aCg/aTg,,,1,,HGNC,HGNC:26910,YES,deleterious(0)
23,43737995,rs23083663,A,T,1164.13,PASS,GT:AD:DP:GQ:PL,"1/1:0,19:19:56:620,56,0","1/1:0,16:16:48:560,48,0",T,missense_variant&splice_region_variant,MODERATE,CPA3,ENSCAFG00000008235,Transcript,ENSCAFT00000013074,protein_coding,10/11,,,,1064,1064,355,Y/F,tAc/tTc,,,1,,VGNC,,,deleterious(0)
24,25746707,rs852401008,C,T,1325.13,PASS,GT:AD:DP:GQ:PL,"1/1:0,22:22:66:788,66,0","1/1:0,16:16:48:553,48,0",T,missense_variant,MODERATE,RBL1,ENSCAFG00000008696,Transcript,ENSCAFT00000013845,protein_coding,5/21,,,,661,424,142,D/N,Gac/Aac,,,-1,,VGNC,,,deleterious(0)
27,6536895,rs850774313,G,A,898.12,PASS,GT:AD:DP:GQ:PL,"1/1:0,12:12:36:417,36,0","1/1:0,14:14:42:497,42,0",A,missense_variant,MODERATE,,ENSCAFG00000045440,Transcript,ENSCAFT00000064957,protein_coding,3/4,,,,542,542,181,R/Q,cGg/cAg,,,1,,,,YES,deleterious(0)
27,6536978,rs853095317,G,C,1411.13,PASS,GT:AD:DP:GQ:PL,"1/1:0,22:22:66:789,66,0","1/1:0,19:19:57:638,57,0",C,missense_variant,MODERATE,,ENSCAFG00000045440,Transcript,ENSCAFT00000064957,protein_coding,3/4,,,,625,625,209,D/H,Gat/Cat,,,1,,,,YES,deleterious(0)
29,964293,rs853024810,A,C,1132.12,PASS,GT:AD:DP:GQ:PL,"1/1:0,21:21:63:764,63,0","1/1:0,11:11:33:384,33,0",C,missense_variant,MODERATE,EFCAB1,ENSCAFG00000006629,Transcript,ENSCAFT00000010686,protein_coding,1/6,,,,215,215,72,L/W,tTg/tGg,,,-1,,VGNC,,YES,deleterious(0)
32,34070042,rs23736931,A,T,1443.13,PASS,GT:AD:DP:GQ:PL,"1/1:0,26:26:78:924,78,0","1/1:0,15:15:45:535,45,0",T,missense_variant,MODERATE,,ENSCAFG00000043360,Transcript,ENSCAFT00000074160,protein_coding,4/4,,,,498,220,74,I/F,Att/Ttt,,,1,,,,YES,deleterious(0)
34,35284261,rs23885939,G,A,1841.13,PASS,GT:AD:DP:GQ:PL,"1/1:0,38:38:99:1266,113,0","1/1:0,17:17:51:591,51,0",A,missense_variant,MODERATE,,ENSCAFG00000014952,Transcript,ENSCAFT00000023723,protein_coding,3/4,,,,797,797,266,G/D,gGt/gAt,,,1,,,,YES,deleterious(0)
36,14176747,rs23960216,A,G,3412.12,PASS,GT:AD:DP:GQ:PL,"1/1:0,85:85:99:2978,254,0","1/1:0,13:13:39:450,39,0",G,missense_variant,MODERATE,,ENSCAFG00000012275,Transcript,ENSCAFT00000019489,protein_coding,1/1,,,,452,452,151,E/G,gAg/gGg,,,1,,,,YES,deleterious(0)
37,15438729,rs853005726,C,T,1252.12,PASS,GT:AD:DP:GQ:PL,"1/1:0,27:27:81:917,81,0","1/1:0,10:10:30:351,30,0",T,missense_variant,MODERATE,CPO,ENSCAFG00000013469,Transcript,ENSCAFT00000021360,protein_coding,9/9,,,,1339,1076,359,T/I,aCa/aTa,,,1,,VGNC,,YES,deleterious(0)
X,70934122,rs852610074,G,A,970.12,PASS,GT:AD:DP:GQ:PL,"1/1:0,20:20:59:603,59,0","1/1:0,11:11:33:383,33,0",A,missense_variant,MODERATE,,ENSCAFG00000017487,Transcript,ENSCAFT00000027706,protein_coding,1/1,,,,388,388,130,P/S,Ccc/Tcc,,,-1,,,,YES,deleterious(0)
